dte,openclose,eventName,eventTime
12/18/2017,The Museum is closed today,The Museum is closed today,
12/18/2017,,Tower Opening,1:00pm - 3:00pm
12/18/2017,,Jamestown Senior Tour,1:00pm - 2:30pm
12/19/2017,The Museum is closed today,The Museum is closed today,
12/20/2017,The Museum is closed today,The Museum is closed today,
12/20/2017,,Tower Opening,1:00pm - 3:00pm
12/20/2017,,Jamestown Senior Tour,1:00pm - 2:30pm
12/21/2017,The Museum is closed today,The Museum is closed today,
12/22/2017,The Museum is closed today,The Museum is closed today,
12/23/2017,The Museum is closed today,The Museum is closed today,
12/24/2017,The Museum is closed today,The Museum is closed today,
12/25/2017,The Museum is closed today,The Museum is closed today,
12/26/2017,The Museum is closed today,The Museum is closed today,
12/27/2017,The Museum is closed today,The Museum is closed today,
12/28/2017,The Museum is closed today,The Museum is closed today,
12/29/2017,The Museum is closed today,The Museum is closed today,
12/30/2017,The Museum is closed today,The Museum is closed today,
12/31/2017,The Museum is closed today,The Museum is closed today,
1/1/2018,The Museum is open today from 10:30 AM until 4:30 PM,The Museum is open today,12:30pm - 4:30pm
1/1/2018,,The Gift Shop is open,1:00pm - 3:00pm
1/2/2018,The Museum is closed today,The Museum is closed today,
1/3/2018,The Museum is closed today,The Museum is closed today,
1/4/2018,The Museum is closed today,The Museum is closed today,
1/5/2018,The Museum is closed today,The Museum is closed today,
1/6/2018,The Museum is closed today,The Museum is closed today,
1/7/2018,The Museum is closed today,The Museum is closed today,
1/8/2018,The Museum is closed today,The Museum is closed today,
1/9/2018,The Museum is closed today,The Museum is closed today,
1/10/2018,The Museum is closed today,The Museum is closed today,
1/11/2018,The Museum is closed today,The Museum is closed today,
1/12/2018,The Museum is closed today,The Museum is closed today,
1/13/2018,The Museum is closed today,The Museum is closed today,
1/14/2018,The Museum is closed today,The Museum is closed today,
1/15/2018,The Museum is closed today,The Museum is closed today,
1/16/2018,The Museum is closed today,The Museum is closed today,
1/17/2018,The Museum is closed today,The Museum is closed today,
1/18/2018,The Museum is closed today,The Museum is closed today,
1/19/2018,The Museum is closed today,The Museum is closed today,
1/20/2018,The Museum is closed today,The Museum is closed today,
1/21/2018,The Museum is closed today,The Museum is closed today,
1/22/2018,The Museum is closed today,The Museum is closed today,12:30pm - 4:30pm
1/22/2018,,Tower Opening,1:00pm - 2:30pm
1/22/2018,,Jamestown Senior Tour,1:00pm - 2:30pm
1/23/2018,The Museum is closed today,The Museum is closed today,
1/23/2018,,BLMA Board Meeting,5:00pm - 6:30pm
1/24/2018,The Museum is closed today,The Museum is closed today,
1/25/2018,The Museum is closed today,The Museum is closed today,
1/26/2018,The Museum is closed today,The Museum is closed today,
1/27/2018,The Museum is closed today,The Museum is closed today,
1/28/2018,The Museum is closed today,The Museum is closed today,
1/29/2018,The Museum is closed today,The Museum is closed today,
1/30/2018,The Museum is closed today,The Museum is closed today,
1/31/2018,The Museum is closed today,The Museum is closed today,
2/1/2018,The Museum is closed today,The Museum is closed today,
2/2/2018,The Museum is closed today,The Museum is closed today,
2/3/2018,The Museum is closed today,The Museum is closed today,
2/4/2018,The Museum is closed today,The Museum is closed today,
2/5/2018,The Museum is closed today,The Museum is closed today,
2/6/2018,The Museum is closed today,The Museum is closed today,
2/7/2018,The Museum is closed today,The Museum is closed today,
2/8/2018,The Museum is closed today,The Museum is closed today,
2/9/2018,The Museum is closed today,The Museum is closed today,
2/10/2018,The Museum is closed today,The Museum is closed today,
2/11/2018,The Museum is closed today,The Museum is closed today,
2/12/2018,The Museum is closed today,The Museum is closed today,
2/13/2018,The Museum is closed today,The Museum is closed today,
2/14/2018,The Museum is closed today,The Museum is closed today,
2/15/2018,The Museum is closed today,The Museum is closed today,
2/16/2018,The Museum is closed today,The Museum is closed today,
2/17/2018,The Museum is closed today,The Museum is closed today,
2/18/2018,The Museum is closed today,The Museum is closed today,
2/19/2018,The Museum is closed today,The Museum is closed today,
2/20/2018,The Museum is closed today,The Museum is closed today,
2/21/2018,The Museum is closed today,The Museum is closed today,
2/21/2018,,BLMA Board Meeting,5:00pm - 6:30pm
2/22/2018,The Museum is closed today,The Museum is closed today,
2/23/2018,The Museum is closed today,The Museum is closed today,
2/24/2018,The Museum is closed today,The Museum is closed today,
2/25/2018,The Museum is closed today,The Museum is closed today,
2/26/2018,The Museum is closed today,The Museum is closed today,
2/27/2018,The Museum is closed today,The Museum is closed today,
2/28/2018,The Museum is closed today,The Museum is closed today,
3/1/2018,The Museum is closed today,The Museum is closed today,
3/2/2018,The Museum is closed today,The Museum is closed today,
3/3/2018,The Museum is closed today,The Museum is closed today,
3/4/2018,The Museum is closed today,The Museum is closed today,
3/5/2018,The Museum is closed today,The Museum is closed today,
3/6/2018,The Museum is closed today,The Museum is closed today,
3/7/2018,The Museum is closed today,The Museum is closed today,
3/8/2018,The Museum is closed today,The Museum is closed today,
3/9/2018,The Museum is closed today,The Museum is closed today,
3/10/2018,The Museum is closed today,The Museum is closed today,
3/11/2018,The Museum is closed today,The Museum is closed today,
3/12/2018,The Museum is closed today,The Museum is closed today,
3/13/2018,The Museum is closed today,The Museum is closed today,
3/14/2018,The Museum is closed today,The Museum is closed today,
3/15/2018,The Museum is closed today,The Museum is closed today,
3/16/2018,The Museum is closed today,The Museum is closed today,
3/17/2018,The Museum is closed today,The Museum is closed today,
3/18/2018,The Museum is closed today,The Museum is closed today,
3/19/2018,The Museum is closed today,The Museum is closed today,
3/20/2018,The Museum is closed today,The Museum is closed today,
3/21/2018,The Museum is closed today,The Museum is closed today,
3/21/2018,,BLMA Board Meeting,5:00pm - 6:30pm
3/22/2018,The Museum is closed today,The Museum is closed today,
3/23/2018,The Museum is closed today,The Museum is closed today,
3/24/2018,The Museum is closed today,The Museum is closed today,
3/25/2018,The Museum is closed today,The Museum is closed today,
3/26/2018,The Museum is closed today,The Museum is closed today,
3/27/2018,The Museum is closed today,The Museum is closed today,
3/28/2018,The Museum is closed today,The Museum is closed today,
3/29/2018,The Museum is closed today,The Museum is closed today,
3/30/2018,The Museum is closed today,The Museum is closed today,
3/31/2018,The Museum is closed today,The Museum is closed today,
4/1/2018,The Museum is closed today,The Museum is closed today,
4/2/2018,The Museum is closed today,The Museum is closed today,
4/3/2018,The Museum is closed today,The Museum is closed today,
4/4/2018,The Museum is closed today,The Museum is closed today,
4/5/2018,The Museum is closed today,The Museum is closed today,
4/6/2018,The Museum is closed today,The Museum is closed today,
4/7/2018,The Museum is closed today,The Museum is closed today,
4/8/2018,The Museum is closed today,The Museum is closed today,
4/9/2018,The Museum is closed today,The Museum is closed today,
4/10/2018,The Museum is closed today,The Museum is closed today,
4/11/2018,The Museum is closed today,The Museum is closed today,
4/12/2018,The Museum is closed today,The Museum is closed today,
4/13/2018,The Museum is closed today,The Museum is closed today,
4/14/2018,The Museum is closed today,The Museum is closed today,
4/15/2018,The Museum is closed today,The Museum is closed today,
4/16/2018,The Museum is closed today,The Museum is closed today,
4/17/2018,The Museum is closed today,The Museum is closed today,
4/18/2018,The Museum is closed today,The Museum is closed today,
4/18/2018,,BLMA Board Meeting,5:00pm - 6:30pm
4/19/2018,The Museum is closed today,The Museum is closed today,
4/20/2018,The Museum is closed today,The Museum is closed today,
4/21/2018,The Museum is closed today,The Museum is closed today,
4/22/2018,The Museum is closed today,The Museum is closed today,
4/23/2018,The Museum is closed today,The Museum is closed today,
4/24/2018,The Museum is closed today,The Museum is closed today,
4/25/2018,The Museum is closed today,The Museum is closed today,
4/26/2018,The Museum is closed today,The Museum is closed today,
4/27/2018,The Museum is closed today,The Museum is closed today,
4/28/2018,The Museum is closed today,The Museum is closed today,
4/29/2018,The Museum is closed today,The Museum is closed today,
4/30/2018,The Museum is closed today,The Museum is closed today,
5/1/2018,The Museum is closed today,The Museum is closed today,
5/2/2018,The Museum is closed today,The Museum is closed today,
5/3/2018,The Museum is closed today,The Museum is closed today,
5/4/2018,The Museum is closed today,The Museum is closed today,
5/5/2018,The Museum is closed today,The Museum is closed today,
5/6/2018,The Museum is closed today,The Museum is closed today,
5/7/2018,The Museum is closed today,The Museum is closed today,
5/8/2018,The Museum is closed today,The Museum is closed today,
5/9/2018,The Museum is closed today,The Museum is closed today,
5/10/2018,The Museum is closed today,The Museum is closed today,
5/11/2018,The Museum is closed today,The Museum is closed today,
5/12/2018,The Museum is closed today,The Museum is closed today,
5/13/2018,The Museum is closed today,The Museum is closed today,
5/14/2018,The Museum is closed today,The Museum is closed today,
5/15/2018,The Museum is closed today,The Museum is closed today,
5/16/2018,The Museum is closed today,The Museum is closed today,
5/16/2018,,BLMA Board Meeting,5:00pm - 6:30pm
5/17/2018,The Museum is closed today,The Museum is closed today,
5/18/2018,The Museum is closed today,The Museum is closed today,
5/19/2018,The Museum is closed today,The Museum is closed today,
5/20/2018,The Museum is closed today,The Museum is closed today,
5/21/2018,The Museum is closed today,The Museum is closed today,
5/22/2018,The Museum is closed today,The Museum is closed today,
5/23/2018,The Museum is closed today,The Museum is closed today,
5/24/2018,The Museum is closed today,The Museum is closed today,
5/25/2018,The Museum is closed today,The Museum is closed today,
5/26/2018,The Museum is open today from 10:30 AM until 4:30 PM,The Museum is open,10:30pm - 4:30pm
5/27/2018,The Museum is open today from 10:30 AM until 4:30 PM,The Museum is open,10:30pm - 4:30pm
5/28/2018,The Museum is open today from 10:30 AM until 4:30 PM,The Museum is open,10:30pm - 4:30pm
5/29/2018,The Museum is closed today,The Museum is closed today,
5/30/2018,The Museum is closed today,The Museum is closed today,
5/31/2018,The Museum is closed today,The Museum is closed today,
6/1/2018,The Museum is closed today,The Museum is closed today,
6/2/2018,The Museum is open today from 10:30 AM until 4:30 PM,The Museum is open,10:30pm - 4:30pm
6/3/2018,The Museum is open today from 10:30 AM until 4:30 PM,The Museum is open,10:30pm - 4:30pm
6/4/2018,The Museum is closed today,The Museum is closed today,
6/5/2018,The Museum is closed today,The Museum is closed today,
6/6/2018,The Museum is closed today,The Museum is closed today,
6/7/2018,The Museum is closed today,The Museum is closed today,
6/8/2018,The Museum is closed today,The Museum is closed today,
6/9/2018,The Museum is open today from 10:30 AM until 4:30 PM,The Museum is open,10:30pm - 4:30pm
6/10/2018,The Museum is open today from 10:30 AM until 4:30 PM,The Museum is open,10:30pm - 4:30pm
6/11/2018,The Museum is closed today,The Museum is closed today,
6/12/2018,The Museum is closed today,The Museum is closed today,
6/13/2018,The Museum is closed today,The Museum is closed today,
6/14/2018,The Museum is closed today,The Museum is closed today,
6/15/2018,The Museum is closed today,The Museum is closed today,
6/16/2018,The Museum is open today from 10:30 AM until 4:30 PM,The Museum is open,10:30pm - 4:30pm
6/17/2018,The Museum is open today from 10:30 AM until 4:30 PM,The Museum is open,10:30pm - 4:30pm
6/18/2018,The Museum is open today from 10:30 AM until 4:30 PM,The Museum is open,10:30pm - 4:30pm
6/19/2018,The Museum is open today from 10:30 AM until 4:30 PM,The Museum is open,10:30pm - 4:30pm
6/20/2018,The Museum is open today from 10:30 AM until 4:30 PM,The Museum is open,10:30pm - 4:30pm
6/20/2018,,BLMA Board Meeting,5:00pm - 6:30pm
6/21/2018,The Museum is open today from 10:30 AM until 4:30 PM,The Museum is open,10:30pm - 4:30pm
6/22/2018,The Museum is open today from 10:30 AM until 4:30 PM,The Museum is open,10:30pm - 4:30pm
6/23/2018,The Museum is open today from 10:30 AM until 4:30 PM,The Museum is open,10:30pm - 4:30pm
6/24/2018,The Museum is open today from 10:30 AM until 4:30 PM,The Museum is open,10:30pm - 4:30pm
6/25/2018,The Museum is open today from 10:30 AM until 4:30 PM,The Museum is open,10:30pm - 4:30pm
6/26/2018,The Museum is open today from 10:30 AM until 4:30 PM,The Museum is open,10:30pm - 4:30pm
6/27/2018,The Museum is open today from 10:30 AM until 4:30 PM,The Museum is open,10:30pm - 4:30pm
6/28/2018,The Museum is open today from 10:30 AM until 4:30 PM,The Museum is open,10:30pm - 4:30pm
6/29/2018,The Museum is open today from 10:30 AM until 4:30 PM,The Museum is open,10:30pm - 4:30pm
6/30/2018,The Museum is open today from 10:30 AM until 4:30 PM,The Museum is open,10:30pm - 4:30pm
7/1/2018,The Museum is open today from 10:30 AM until 4:30 PM,The Museum is open,10:30pm - 4:30pm
7/2/2018,The Museum is open today from 10:30 AM until 4:30 PM,The Museum is open,10:30pm - 4:30pm
7/3/2018,The Museum is open today from 10:30 AM until 4:30 PM,The Museum is open,10:30pm - 4:30pm
7/4/2018,The Museum is open today from 10:30 AM until 4:30 PM,The Museum is open,10:30pm - 4:30pm
7/5/2018,The Museum is open today from 10:30 AM until 4:30 PM,The Museum is open,10:30pm - 4:30pm
7/6/2018,The Museum is open today from 10:30 AM until 4:30 PM,The Museum is open,10:30pm - 4:30pm
7/7/2018,The Museum is open today from 10:30 AM until 4:30 PM,The Museum is open,10:30pm - 4:30pm
7/8/2018,The Museum is open today from 10:30 AM until 4:30 PM,The Museum is open,10:30pm - 4:30pm
7/9/2018,The Museum is open today from 10:30 AM until 4:30 PM,The Museum is open,10:30pm - 4:30pm
7/10/2018,The Museum is open today from 10:30 AM until 4:30 PM,The Museum is open,10:30pm - 4:30pm
7/11/2018,The Museum is open today from 10:30 AM until 4:30 PM,The Museum is open,10:30pm - 4:30pm
7/12/2018,The Museum is open today from 10:30 AM until 4:30 PM,The Museum is open,10:30pm - 4:30pm
7/13/2018,The Museum is open today from 10:30 AM until 4:30 PM,The Museum is open,10:30pm - 4:30pm
7/14/2018,The Museum is open today from 10:30 AM until 4:30 PM,The Museum is open,10:30pm - 4:30pm
7/15/2018,The Museum is open today from 10:30 AM until 4:30 PM,The Museum is open,10:30pm - 4:30pm
7/16/2018,The Museum is open today from 10:30 AM until 4:30 PM,The Museum is open,10:30pm - 4:30pm
7/17/2018,The Museum is open today from 10:30 AM until 4:30 PM,The Museum is open,10:30pm - 4:30pm
7/18/2018,The Museum is open today from 10:30 AM until 4:30 PM,The Museum is open,10:30pm - 4:30pm
7/18/2018,,BLMA Board Meeting,5:00pm - 6:30pm
7/19/2018,The Museum is open today from 10:30 AM until 4:30 PM,The Museum is open,10:30pm - 4:30pm
7/20/2018,The Museum is open today from 10:30 AM until 4:30 PM,The Museum is open,10:30pm - 4:30pm
7/21/2018,The Museum is open today from 10:30 AM until 4:30 PM,The Museum is open,10:30pm - 4:30pm
7/22/2018,The Museum is open today from 10:30 AM until 4:30 PM,The Museum is open,10:30pm - 4:30pm
7/23/2018,The Museum is open today from 10:30 AM until 4:30 PM,The Museum is open,10:30pm - 4:30pm
7/24/2018,The Museum is open today from 10:30 AM until 4:30 PM,The Museum is open,10:30pm - 4:30pm
7/25/2018,The Museum is open today from 10:30 AM until 4:30 PM,The Museum is open,10:30pm - 4:30pm
7/26/2018,The Museum is open today from 10:30 AM until 4:30 PM,The Museum is open,10:30pm - 4:30pm
7/27/2018,The Museum is open today from 10:30 AM until 4:30 PM,The Museum is open,10:30pm - 4:30pm
7/28/2018,The Museum is open today from 10:30 AM until 4:30 PM,The Museum is open,10:30pm - 4:30pm
7/29/2018,The Museum is open today from 10:30 AM until 4:30 PM,The Museum is open,10:30pm - 4:30pm
7/30/2018,The Museum is open today from 10:30 AM until 4:30 PM,The Museum is open,10:30pm - 4:30pm
7/31/2018,The Museum is open today from 10:30 AM until 4:30 PM,The Museum is open,10:30pm - 4:30pm
8/1/2018,The Museum is open today from 10:30 AM until 4:30 PM,The Museum is open,10:30pm - 4:30pm
8/2/2018,The Museum is open today from 10:30 AM until 4:30 PM,The Museum is open,10:30pm - 4:30pm
8/3/2018,The Museum is open today from 10:30 AM until 4:30 PM,The Museum is open,10:30pm - 4:30pm
8/4/2018,The Museum is open today from 10:30 AM until 4:30 PM,The Museum is open,10:30pm - 4:30pm
8/5/2018,The Museum is open today from 10:30 AM until 4:30 PM,The Museum is open,10:30pm - 4:30pm
8/6/2018,The Museum is open today from 10:30 AM until 4:30 PM,The Museum is open,10:30pm - 4:30pm
8/7/2018,The Museum is open today from 10:30 AM until 4:30 PM,The Museum is open,10:30pm - 4:30pm
8/8/2018,The Museum is open today from 10:30 AM until 4:30 PM,The Museum is open,10:30pm - 4:30pm
8/9/2018,The Museum is open today from 10:30 AM until 4:30 PM,The Museum is open,10:30pm - 4:30pm
8/10/2018,The Museum is open today from 10:30 AM until 4:30 PM,The Museum is open,10:30pm - 4:30pm
8/11/2018,The Museum is open today from 10:30 AM until 4:30 PM,The Museum is open,10:30pm - 4:30pm
8/12/2018,The Museum is open today from 10:30 AM until 4:30 PM,The Museum is open,10:30pm - 4:30pm
8/13/2018,The Museum is open today from 10:30 AM until 4:30 PM,The Museum is open,10:30pm - 4:30pm
8/14/2018,The Museum is open today from 10:30 AM until 4:30 PM,The Museum is open,10:30pm - 4:30pm
8/15/2018,The Museum is open today from 10:30 AM until 4:30 PM,The Museum is open,10:30pm - 4:30pm
8/15/2018,,BLMA Board Meeting,5:00pm - 6:30pm
8/16/2018,The Museum is open today from 10:30 AM until 4:30 PM,The Museum is open,10:30pm - 4:30pm
8/17/2018,The Museum is open today from 10:30 AM until 4:30 PM,The Museum is open,10:30pm - 4:30pm
8/18/2018,The Museum is open today from 10:30 AM until 4:30 PM,The Museum is open,10:30pm - 4:30pm
8/19/2018,The Museum is open today from 10:30 AM until 4:30 PM,The Museum is open,10:30pm - 4:30pm
8/20/2018,The Museum is open today from 10:30 AM until 4:30 PM,The Museum is open,10:30pm - 4:30pm
8/21/2018,The Museum is open today from 10:30 AM until 4:30 PM,The Museum is open,10:30pm - 4:30pm
8/22/2018,The Museum is open today from 10:30 AM until 4:30 PM,The Museum is open,10:30pm - 4:30pm
8/23/2018,The Museum is open today from 10:30 AM until 4:30 PM,The Museum is open,10:30pm - 4:30pm
8/24/2018,The Museum is open today from 10:30 AM until 4:30 PM,The Museum is open,10:30pm - 4:30pm
8/25/2018,The Museum is open today from 10:30 AM until 4:30 PM,The Museum is open,10:30pm - 4:30pm
8/26/2018,The Museum is open today from 10:30 AM until 4:30 PM,The Museum is open,10:30pm - 4:30pm
8/27/2018,The Museum is open today from 10:30 AM until 4:30 PM,The Museum is open,10:30pm - 4:30pm
8/28/2018,The Museum is open today from 10:30 AM until 4:30 PM,The Museum is open,10:30pm - 4:30pm
8/29/2018,The Museum is open today from 10:30 AM until 4:30 PM,The Museum is open,10:30pm - 4:30pm
8/30/2018,The Museum is open today from 10:30 AM until 4:30 PM,The Museum is open,10:30pm - 4:30pm
8/31/2018,The Museum is open today from 10:30 AM until 4:30 PM,The Museum is open,10:30pm - 4:30pm
9/1/2018,The Museum is open today from 10:30 AM until 4:30 PM,The Museum is open,10:30pm - 4:30pm
9/2/2018,The Museum is open today from 10:30 AM until 4:30 PM,The Museum is open,10:30pm - 4:30pm
9/3/2018,The Museum is open today from 10:30 AM until 4:30 PM,The Museum is open,10:30pm - 4:30pm
9/4/2018,The Museum is closed today,The Museum is closed today,
9/5/2018,The Museum is closed today,The Museum is closed today,
9/6/2018,The Museum is closed today,The Museum is closed today,
9/7/2018,The Museum is closed today,The Museum is closed today,
9/8/2018,The Museum is open today from 10:30 AM until 4:30 PM,The Museum is open,10:30pm - 4:30pm
9/9/2018,The Museum is open today from 10:30 AM until 4:30 PM,The Museum is open,10:30pm - 4:30pm
9/10/2018,The Museum is closed today,The Museum is closed today,
9/11/2018,The Museum is closed today,The Museum is closed today,
9/12/2018,The Museum is closed today,The Museum is closed today,
9/13/2018,The Museum is closed today,The Museum is closed today,
9/14/2018,The Museum is closed today,The Museum is closed today,
9/15/2018,The Museum is open today from 10:30 AM until 4:30 PM,The Museum is open,10:30pm - 4:30pm
9/16/2018,The Museum is open today from 10:30 AM until 4:30 PM,The Museum is open,10:30pm - 4:30pm
9/17/2018,The Museum is closed today,The Museum is closed today,
9/18/2018,The Museum is closed today,The Museum is closed today,
9/19/2018,The Museum is closed today,The Museum is closed today,
9/19/2018,,BLMA Board Meeting,5:00pm - 6:30pm
9/20/2018,The Museum is closed today,The Museum is closed today,
9/21/2018,The Museum is closed today,The Museum is closed today,
9/22/2018,The Museum is open today from 10:30 AM until 4:30 PM,The Museum is open,10:30pm - 4:30pm
9/23/2018,The Museum is open today from 10:30 AM until 4:30 PM,The Museum is open,10:30pm - 4:30pm
9/24/2018,The Museum is closed today,The Museum is closed today,
9/25/2018,The Museum is closed today,The Museum is closed today,
9/26/2018,The Museum is closed today,The Museum is closed today,
9/27/2018,The Museum is closed today,The Museum is closed today,
9/28/2018,The Museum is closed today,The Museum is closed today,
9/29/2018,The Museum is open today from 10:30 AM until 4:30 PM,The Museum is open,10:30pm - 4:30pm
9/30/2018,The Museum is open today from 10:30 AM until 4:30 PM,The Museum is open,10:30pm - 4:30pm
10/1/2018,The Museum is closed today,The Museum is closed today,
10/2/2018,The Museum is closed today,The Museum is closed today,
10/3/2018,The Museum is closed today,The Museum is closed today,
10/4/2018,The Museum is closed today,The Museum is closed today,
10/5/2018,The Museum is closed today,The Museum is closed today,
10/6/2018,The Museum is open today from 10:30 AM until 4:30 PM,The Museum is open,10:30pm - 4:30pm
10/7/2018,The Museum is open today from 10:30 AM until 4:30 PM,The Museum is open,10:30pm - 4:30pm
10/8/2018,The Museum is open today from 10:30 AM until 4:30 PM,The Museum is open,10:30pm - 4:30pm
10/9/2018,The Museum is closed today,The Museum is closed today,
10/10/2018,The Museum is closed today,The Museum is closed today,
10/11/2018,The Museum is closed today,The Museum is closed today,
10/12/2018,The Museum is closed today,The Museum is closed today,
10/13/2018,The Museum is closed today,The Museum is closed today,
10/14/2018,The Museum is closed today,The Museum is closed today,
10/15/2018,The Museum is closed today,The Museum is closed today,
10/16/2018,The Museum is closed today,The Museum is closed today,
10/17/2018,The Museum is closed today,The Museum is closed today,
10/17/2018,,BLMA Board Meeting,5:00pm - 6:30pm
10/18/2018,The Museum is closed today,The Museum is closed today,
10/19/2018,The Museum is closed today,The Museum is closed today,
10/20/2018,The Museum is closed today,The Museum is closed today,
10/21/2018,The Museum is closed today,The Museum is closed today,
10/22/2018,The Museum is closed today,The Museum is closed today,
10/23/2018,The Museum is closed today,The Museum is closed today,
10/24/2018,The Museum is closed today,The Museum is closed today,
10/25/2018,The Museum is closed today,The Museum is closed today,
10/26/2018,The Museum is closed today,The Museum is closed today,
10/27/2018,The Museum is closed today,The Museum is closed today,
10/28/2018,The Museum is closed today,The Museum is closed today,
10/29/2018,The Museum is closed today,The Museum is closed today,
10/30/2018,The Museum is closed today,The Museum is closed today,
10/31/2018,The Museum is closed today,The Museum is closed today,
11/1/2018,The Museum is closed today,The Museum is closed today,
11/2/2018,The Museum is closed today,The Museum is closed today,
11/3/2018,The Museum is closed today,The Museum is closed today,
11/4/2018,The Museum is closed today,The Museum is closed today,
11/5/2018,The Museum is closed today,The Museum is closed today,
11/6/2018,The Museum is closed today,The Museum is closed today,
11/7/2018,The Museum is closed today,The Museum is closed today,
11/8/2018,The Museum is closed today,The Museum is closed today,
11/9/2018,The Museum is closed today,The Museum is closed today,
11/10/2018,The Museum is closed today,The Museum is closed today,
11/11/2018,The Museum is closed today,The Museum is closed today,
11/12/2018,The Museum is closed today,The Museum is closed today,
11/13/2018,The Museum is closed today,The Museum is closed today,
11/14/2018,The Museum is closed today,The Museum is closed today,
11/15/2018,The Museum is closed today,The Museum is closed today,
11/16/2018,The Museum is closed today,The Museum is closed today,
11/17/2018,The Museum is closed today,The Museum is closed today,
11/18/2018,The Museum is closed today,The Museum is closed today,
11/19/2018,The Museum is closed today,The Museum is closed today,
11/20/2018,The Museum is closed today,The Museum is closed today,
11/21/2018,The Museum is closed today,The Museum is closed today,
11/21/2018,,BLMA Board Meeting,5:00pm - 6:30pm
11/22/2018,The Museum is closed today,The Museum is closed today,
11/23/2018,The Museum is closed today,The Museum is closed today,
11/24/2018,The Museum is closed today,The Museum is closed today,
11/25/2018,The Museum is closed today,The Museum is closed today,
11/26/2018,The Museum is closed today,The Museum is closed today,
11/27/2018,The Museum is closed today,The Museum is closed today,
11/28/2018,The Museum is closed today,The Museum is closed today,
11/29/2018,The Museum is closed today,The Museum is closed today,
11/30/2018,The Museum is closed today,The Museum is closed today,
12/1/2018,The Museum is closed today,The Museum is closed today,
12/2/2018,The Museum is closed today,The Museum is closed today,
12/3/2018,The Museum is closed today,The Museum is closed today,
12/4/2018,The Museum is closed today,The Museum is closed today,
12/5/2018,The Museum is closed today,The Museum is closed today,
12/6/2018,The Museum is closed today,The Museum is closed today,
12/7/2018,The Museum is closed today,The Museum is closed today,
12/8/2018,The Museum is open today from 10:30 AM until 4:30 PM,The Museum is open,10:30pm - 4:30pm
12/9/2018,The Museum is open today from 10:30 AM until 4:30 PM,The Museum is open,10:30pm - 4:30pm
12/10/2018,The Museum is closed today,The Museum is closed today,
12/11/2018,The Museum is closed today,The Museum is closed today,
12/12/2018,The Museum is closed today,The Museum is closed today,
12/13/2018,The Museum is closed today,The Museum is closed today,
12/14/2018,The Museum is closed today,The Museum is closed today,
12/15/2018,The Museum is open today from 10:30 AM until 4:30 PM,The Museum is open,10:30pm - 4:30pm
12/16/2018,The Museum is open today from 10:30 AM until 4:30 PM,The Museum is open,10:30pm - 4:30pm
12/17/2018,The Museum is closed today,The Museum is closed today,
12/18/2018,The Museum is closed today,The Museum is closed today,
12/19/2018,The Museum is closed today,The Museum is closed today,
12/19/2018,,BLMA Board Meeting,5:00pm - 6:30pm
12/20/2018,The Museum is closed today,The Museum is closed today,
12/21/2018,The Museum is closed today,The Museum is closed today,
12/22/2018,The Museum is closed today,The Museum is closed today,
12/23/2018,The Museum is closed today,The Museum is closed today,
12/24/2018,The Museum is closed today,The Museum is closed today,
12/25/2018,The Museum is closed today,The Museum is closed today,
12/26/2018,The Museum is closed today,The Museum is closed today,
12/27/2018,The Museum is closed today,The Museum is closed today,
12/28/2018,The Museum is closed today,The Museum is closed today,
12/29/2018,The Museum is closed today,The Museum is closed today,
12/30/2018,The Museum is closed today,The Museum is closed today,
12/31/2018,The Museum is closed today,The Museum is closed today,
1/23/2018,,Tower Opening,1:00pm - 3:00pm
